﻿<DataObject comparison="Ordinal">
  <Section id="">
    <Subsections>
      <Section id="General">
        <Subsections />
        <Entries>
          <Entry key="ElapsedTime">
            <double>23.777804999999997</double>
          </Entry>
          <Entry key="StartedAt">
            <dateTime>2020-04-24T08:34:01.1777114+05:30</dateTime>
          </Entry>
          <Entry key="EndedAt">
            <dateTime>2020-04-24T08:34:24.9555164+05:30</dateTime>
          </Entry>
          <Entry key="ReplayStatus">
            <LastReplayRunStatus>Passed</LastReplayRunStatus>
          </Entry>
          <Entry key="NumberOfReplayErrors">
            <int>0</int>
          </Entry>
          <Entry key="NumberOfReplayCriticalErrors">
            <int>0</int>
          </Entry>
          <Entry key="NumberOfCompilationErrors">
            <int>0</int>
          </Entry>
        </Entries>
      </Section>
    </Subsections>
    <Entries>
      <Entry key="Iterations">
        <int>20</int>
      </Entry>
    </Entries>
  </Section>
</DataObject>