<?xml version="1.0" encoding="utf-8"?>
<VugenScriptMetadata>
  <ScriptName>CHC_Standalone_API_Final</ScriptName>
  <Protocol>Web Services</Protocol>
  <ActionFiles>
    <FileEntry Name="vuser_init.c" Filter="2" />
    <FileEntry Name="Action.c" Filter="2" />
    <FileEntry Name="vuser_end.c" Filter="2" />
  </ActionFiles>
  <GeneralFiles>
    <FileEntry Name="CHC_Standalone_API_Final.usr" Filter="4" />
    <FileEntry Name="default.cfg" Filter="4" />
    <FileEntry Name="default.usp" Filter="4" />
    <FileEntry Name="CHC_Standalone_API_Final.prm" Filter="2" />
    <FileEntry Name="globals.h" Filter="2" />
    <FileEntry Name="p_Case.dat" Filter="2" />
    <FileEntry Name="p_Cim.dat" Filter="2" />
    <FileEntry Name="script_operations.xml" Filter="2" />
    <FileEntry Name="combined_CHC_Standalone_API_Final.c" Filter="2" />
    <FileEntry Name="pre_cci.c" Filter="2" />
    <FileEntry Name="WSDL\" Filter="2" />
    <FileEntry Name="12889056844_LxU.591.idx" Filter="1" />
    <FileEntry Name="mdrv.log" Filter="1" />
    <FileEntry Name="report_view.xsl" Filter="1" />
    <FileEntry Name="5900873744_Sov.694.idx" Filter="1" />
    <FileEntry Name="TransactionsData.db" Filter="1" />
    <FileEntry Name="ThumbnailsCache.tmp" Filter="1" />
    <FileEntry Name="12889056844_VV5.769.idx" Filter="1" />
    <FileEntry Name="CHC_Standalone_API_Final.ci" Filter="1" />
    <FileEntry Name="mdrv_cmd.txt" Filter="1" />
    <FileEntry Name="5900873744_c7e.582.idx" Filter="1" />
    <FileEntry Name="12889056844_P7s.161.idx" Filter="1" />
    <FileEntry Name="output.txt" Filter="1" />
    <FileEntry Name="CHC_Standalone_API_Final.sdf" Filter="1" />
    <FileEntry Name="12889056844_xav.787.idx" Filter="1" />
    <FileEntry Name="18911133444_vRV.593.idx" Filter="1" />
    <FileEntry Name="5900873744_xbb.128.idx" Filter="1" />
    <FileEntry Name="5900873744_Upt.52.idx" Filter="1" />
    <FileEntry Name="logfile.log" Filter="1" />
    <FileEntry Name="5900873744_T8n.162.idx" Filter="1" />
    <FileEntry Name="18911133444_euZ.279.idx" Filter="1" />
    <FileEntry Name="23126915944_eR4.594.idx" Filter="1" />
    <FileEntry Name="18911133444_hvH.977.idx" Filter="1" />
    <FileEntry Name="output.bak" Filter="1" />
    <FileEntry Name="ScriptUploadMetadata.xml" Filter="1" />
    <FileEntry Name="12889056844_0vv.581.idx" Filter="1" />
    <FileEntry Name="231269159440.idx" Filter="1" />
    <FileEntry Name="12889056844_54A.181.idx" Filter="1" />
    <FileEntry Name="12889056844_KNm.127.idx" Filter="1" />
    <FileEntry Name="CHC_Standalone_API_Final.c.pickle" Filter="1" />
    <FileEntry Name="CHC_Standalone_API_Final.prm.bak" Filter="1" />
    <FileEntry Name="custom_body_variables.txt" Filter="1" />
    <FileEntry Name="189111334440.idx" Filter="1" />
    <FileEntry Name="Breakpoints.xml" Filter="1" />
    <FileEntry Name="23126915944_0io.760.idx" Filter="1" />
    <FileEntry Name="UserTasks.xml" Filter="1" />
    <FileEntry Name="18911133444_hPA.853.idx" Filter="1" />
    <FileEntry Name="ReplaySummaryReport.xml" Filter="1" />
    <FileEntry Name="12889056844_E1R.809.idx" Filter="1" />
    <FileEntry Name="18911133444_jrz.261.idx" Filter="1" />
    <FileEntry Name="12889056844_5Sq.693.idx" Filter="1" />
    <FileEntry Name="12889056844_pRM.51.idx" Filter="1" />
    <FileEntry Name="5900873744_Lai.788.idx" Filter="1" />
    <FileEntry Name="5900873744_wZd.810.idx" Filter="1" />
    <FileEntry Name="23126915944_duE.978.idx" Filter="1" />
    <FileEntry Name="Bookmarks.xml" Filter="1" />
    <FileEntry Name="5900873744_XK6.770.idx" Filter="1" />
    <FileEntry Name="5900873744_FMO.592.idx" Filter="1" />
    <FileEntry Name="5900873744_L0l.182.idx" Filter="1" />
    <FileEntry Name="23126915944_zXb.280.idx" Filter="1" />
    <FileEntry Name="18911133444_iXI.759.idx" Filter="1" />
    <FileEntry Name="lrw_custom_body.h" Filter="1" />
    <FileEntry Name="23126915944_5Cv.854.idx" Filter="1" />
    <FileEntry Name="23126915944_Om3.262.idx" Filter="1" />
    <FileEntry Name="options.txt" Filter="1" />
    <FileEntry Name="59008737440.idx" Filter="1" />
    <FileEntry Name="CompilerLogMetadata.xml" Filter="1" />
    <FileEntry Name="128890568440.idx" Filter="1" />
    <FileEntry Name="result1\" Filter="1" />
  </GeneralFiles>
</VugenScriptMetadata>